id,first_name,last_name,email,gender,ip_address
1,Correy,Heintz,cheintz0@wikipedia.org,Male,5.165.165.34
2,Scotti,Lieber,slieber1@youtube.com,Male,158.17.135.174
3,Trevor,Cazalet,tcazalet2@ibm.com,Male,155.198.224.0
4,Rosa,Towll,rtowll3@hao123.com,Female,223.75.61.21
5,Lilas,Callear,lcallear4@t-online.de,Female,124.190.154.218
6,Delora,Mandeville,dmandeville5@businessweek.com,Female,185.149.228.134
7,Mariele,Warnock,mwarnock6@clickbank.net,Female,215.188.49.253
8,Madelina,Georgeou,mgeorgeou7@hao123.com,Female,91.34.54.0
9,Ailina,Olenikov,aolenikov8@go.com,Female,191.40.41.17
10,Gunar,Moncey,gmoncey9@patch.com,Male,64.2.106.131
11,Dyanne,Geal,dgeala@discuz.net,Female,221.203.146.9
12,Malinda,Skett,mskettb@i2i.jp,Female,169.73.86.118
13,Jo-ann,Oluwatoyin,joluwatoyinc@weibo.com,Bigender,79.5.192.46
14,Leonardo,Guitel,lguiteld@ehow.com,Male,112.89.170.137
15,De witt,O'Finan,dofinane@nature.com,Male,232.30.199.17
16,Mattie,Phoenix,mphoenixf@admin.ch,Female,242.148.130.246
17,Regen,Ellings,rellingsg@rambler.ru,Male,160.70.201.171
18,Leora,Booker,lbookerh@cloudflare.com,Female,69.18.238.134
19,King,De la Zenne,kdelazennei@opensource.org,Male,103.98.88.218
20,Gianna,Chaplyn,gchaplynj@dmoz.org,Female,170.232.157.222
21,Gae,Spacey,gspaceyk@wikipedia.org,Female,225.35.213.98
22,Gill,Laden,gladenl@blogspot.com,Female,29.67.176.122
23,Nerte,Ellson,nellsonm@vimeo.com,Non-binary,207.167.199.201
24,Clay,Klezmski,cklezmskin@chronoengine.com,Male,238.90.67.134
25,Lottie,Harley,lharleyo@seesaa.net,Female,38.43.59.252
26,Robbie,Maskrey,rmaskreyp@ihg.com,Female,127.229.112.149
27,Darrin,Thresher,dthresherq@umich.edu,Male,25.67.182.31
28,Letizia,McPartlin,lmcpartlinr@timesonline.co.uk,Female,118.39.127.99
29,Hilario,Jarrard,hjarrards@dedecms.com,Male,53.243.114.78
30,Nissa,Graham,ngrahamt@networkadvertising.org,Female,217.207.148.76
31,Ermengarde,Boyington,eboyingtonu@phpbb.com,Female,173.28.204.207
32,Glynnis,Elsie,gelsiev@amazon.co.jp,Female,244.190.204.192
33,Kenon,Battyll,kbattyllw@businessinsider.com,Male,224.244.197.209
34,Talbert,Bernat,tbernatx@sfgate.com,Genderfluid,165.233.110.205
35,Quentin,Barter,qbartery@comcast.net,Female,205.12.215.46
36,Adair,O'Gaven,aogavenz@intel.com,Male,64.98.180.103
37,Nolly,Surplice,nsurplice10@myspace.com,Male,214.78.56.210
38,Adair,Formilli,aformilli11@ifeng.com,Male,215.98.177.7
39,Robers,Bransby,rbransby12@springer.com,Male,184.43.34.136
40,Clarie,Andrzej,candrzej13@npr.org,Female,51.7.12.119
41,Kennedy,Boylan,kboylan14@sfgate.com,Male,21.223.42.252
42,Vic,Eusden,veusden15@marriott.com,Male,64.180.172.211
43,Kalindi,Oxborrow,koxborrow16@livejournal.com,Female,182.244.243.113
44,Oriana,Pincked,opincked17@sina.com.cn,Female,169.43.82.242
45,Vlad,Rossetti,vrossetti18@dropbox.com,Male,217.104.89.223
46,Sheilah,Huxstep,shuxstep19@seattletimes.com,Female,86.51.74.103
47,Lucy,Idiens,lidiens1a@t-online.de,Female,71.228.50.52
48,Conny,Lambersen,clambersen1b@dropbox.com,Male,152.96.1.106
49,Janek,Kirkebye,jkirkebye1c@addthis.com,Male,227.173.61.204
50,Elwyn,Chapple,echapple1d@facebook.com,Male,249.24.41.91
51,Jolynn,Gurnay,jgurnay1e@storify.com,Female,165.200.30.98
52,Maggie,Kilcoyne,mkilcoyne1f@nationalgeographic.com,Female,81.206.184.155
53,Abraham,Ashard,aashard1g@walmart.com,Genderfluid,115.119.69.232
54,Karrie,Vallentin,kvallentin1h@shop-pro.jp,Female,242.27.224.134
55,Roberto,Grigoroni,rgrigoroni1i@chronoengine.com,Male,100.255.223.47
56,Gunner,Yeell,gyeell1j@issuu.com,Male,210.202.154.154
57,Giralda,McRoberts,gmcroberts1k@facebook.com,Female,147.35.176.113
58,Gael,Daine,gdaine1l@is.gd,Male,181.178.129.13
59,Rois,Thurlow,rthurlow1m@phpbb.com,Female,20.226.129.219
60,Sandy,Mincher,smincher1n@g.co,Female,47.35.182.28
61,Pepita,Johannes,pjohannes1o@sitemeter.com,Female,24.141.201.255
62,Regan,Klauber,rklauber1p@gov.uk,Agender,90.159.213.56
63,Malanie,Clemendet,mclemendet1q@kickstarter.com,Female,55.145.171.73
64,Tess,Prujean,tprujean1r@ucsd.edu,Female,105.142.199.227
65,Carolee,Gimert,cgimert1s@java.com,Female,7.179.52.249
66,Ardenia,Biggs,abiggs1t@constantcontact.com,Female,211.125.41.233
67,Hailey,McElmurray,hmcelmurray1u@skyrock.com,Male,181.251.212.96
68,Cornall,Ruppele,cruppele1v@google.com.au,Polygender,25.219.131.85
69,Madelyn,Saich,msaich1w@arstechnica.com,Female,182.142.230.117
70,Erma,Densun,edensun1x@whitehouse.gov,Female,255.164.80.78
71,Shepperd,Buske,sbuske1y@purevolume.com,Male,10.4.148.38
72,Garrard,Bogges,gbogges1z@xrea.com,Male,152.63.227.21
73,Danni,Gorner,dgorner20@163.com,Female,13.21.63.5
74,Ravi,Giggs,rgiggs21@unblog.fr,Male,210.1.46.7
75,Royce,Haldon,rhaldon22@etsy.com,Male,87.149.60.169
76,Orland,Seeman,oseeman23@wired.com,Male,113.88.114.228
77,Tiertza,Kneel,tkneel24@msn.com,Female,217.212.101.93
78,Dagmar,Petchell,dpetchell25@tripadvisor.com,Female,146.131.103.145
79,Afton,Garretts,agarretts26@bbb.org,Female,206.7.124.115
80,Alley,De Roeck,aderoeck27@mayoclinic.com,Male,19.139.241.84
81,Hermina,Piddock,hpiddock28@cpanel.net,Female,204.147.28.164
82,Danyelle,Duthie,dduthie29@so-net.ne.jp,Female,242.46.124.167
83,Oberon,Fawlo,ofawlo2a@wired.com,Male,11.140.126.169
84,Mallissa,Tribell,mtribell2b@desdev.cn,Female,189.214.167.215
85,Quinta,Giberd,qgiberd2c@spiegel.de,Female,201.70.184.47
86,Stacey,Gillan,sgillan2d@nydailynews.com,Female,140.240.141.142
87,Tallou,Matteoli,tmatteoli2e@forbes.com,Female,210.229.183.190
88,Krissy,Zamboniari,kzamboniari2f@vistaprint.com,Female,243.120.246.72
89,Em,McKeowon,emckeowon2g@fema.gov,Male,234.137.85.120
90,Meghan,Pettwood,mpettwood2h@bigcartel.com,Female,193.53.203.108
91,Cornie,Derbyshire,cderbyshire2i@simplemachines.org,Male,54.112.155.230
92,Hersch,McQuie,hmcquie2j@exblog.jp,Male,26.182.91.182
93,Base,Seel,bseel2k@aol.com,Male,142.34.97.142
94,Lindsay,Stolberger,lstolberger2l@nifty.com,Female,108.47.232.175
95,Leora,Tampion,ltampion2m@google.co.jp,Female,150.101.82.24
96,Randie,Purvess,rpurvess2n@webmd.com,Female,24.236.248.119
97,Cheston,Zanicchelli,czanicchelli2o@engadget.com,Male,253.201.40.250
98,Pietra,Close,pclose2p@ustream.tv,Female,149.123.160.210
99,Casper,Lindner,clindner2q@google.com,Male,211.22.107.141
100,Rogerio,Fraulo,rfraulo2r@bbb.org,Male,194.225.21.44
101,Janela,Burkert,jburkert2s@washingtonpost.com,Female,130.152.36.232
102,Allister,Uttermare,auttermare2t@blogspot.com,Male,226.227.178.66
103,Franciskus,Peperell,fpeperell2u@pagesperso-orange.fr,Male,221.23.8.157
104,Kienan,Blagburn,kblagburn2v@livejournal.com,Male,130.65.112.207
105,Engracia,Borg-Bartolo,eborgbartolo2w@ca.gov,Female,141.204.202.169
106,Janek,Minette,jminette2x@51.la,Male,178.214.27.89
107,Beret,Ovesen,bovesen2y@tumblr.com,Female,1.116.39.85
108,Arni,Webster,awebster2z@paypal.com,Male,189.44.179.96
109,Vittoria,Espinal,vespinal30@shop-pro.jp,Female,192.184.232.68
110,Starlin,Baggs,sbaggs31@cdc.gov,Female,110.230.74.177
111,Jenna,Radsdale,jradsdale32@google.pl,Female,15.116.127.65
112,Raine,Marcinkus,rmarcinkus33@seesaa.net,Non-binary,45.138.245.9
113,Bo,Moorman,bmoorman34@cmu.edu,Non-binary,105.141.124.209
114,Bink,Bukac,bbukac35@biglobe.ne.jp,Non-binary,58.213.110.118
115,Barrie,Ivanikhin,bivanikhin36@gmpg.org,Male,40.75.139.240
116,Rudd,Fuidge,rfuidge37@economist.com,Male,128.210.220.87
117,Antonietta,Lehrmann,alehrmann38@imageshack.us,Female,235.42.3.91
118,Kerrin,Okenden,kokenden39@prnewswire.com,Female,221.112.54.50
119,Erinna,Powderham,epowderham3a@vistaprint.com,Female,121.193.14.183
120,Grannie,Clist,gclist3b@histats.com,Male,118.133.83.115
121,Dane,Ughi,dughi3c@privacy.gov.au,Male,39.194.182.211
122,Gerta,Dron,gdron3d@flavors.me,Female,160.118.162.222
123,Reinhold,Hand,rhand3e@answers.com,Male,200.158.7.2
124,Barrett,Kester,bkester3f@wufoo.com,Male,137.62.108.28
125,Amabel,Cornelis,acornelis3g@cnn.com,Female,33.253.88.166
126,Pris,Enser,penser3h@exblog.jp,Female,101.163.43.51
127,Rubin,Folomkin,rfolomkin3i@imgur.com,Male,191.84.22.221
128,Winna,Byrd,wbyrd3j@yellowbook.com,Female,194.187.225.5
129,Cliff,Brownbill,cbrownbill3k@mail.ru,Male,29.223.144.163
130,D'arcy,Bulbeck,dbulbeck3l@ning.com,Male,68.242.230.219
131,Adelind,Swinburn,aswinburn3m@hc360.com,Agender,32.26.120.15
132,Hollis,Eggers,heggers3n@cnbc.com,Male,203.147.10.143
133,Alma,Elgram,aelgram3o@wp.com,Female,82.123.60.250
134,Yorker,Monckman,ymonckman3p@jimdo.com,Male,51.32.143.66
135,Erick,Bramstom,ebramstom3q@cbslocal.com,Male,35.120.157.168
136,Brod,Hebbard,bhebbard3r@dot.gov,Agender,89.131.141.63
137,Rivkah,Rawlinson,rrawlinson3s@so-net.ne.jp,Female,173.73.168.183
138,Charlene,Olrenshaw,colrenshaw3t@weather.com,Female,28.252.64.99
139,Kienan,Blaxland,kblaxland3u@ebay.com,Agender,14.103.10.137
140,Bond,Reese,breese3v@w3.org,Male,196.166.222.14
141,Gabriele,Joesbury,gjoesbury3w@jimdo.com,Male,180.184.151.34
142,Milty,Cecely,mcecely3x@scientificamerican.com,Male,56.96.226.11
143,Florentia,Gitsham,fgitsham3y@drupal.org,Female,99.89.34.231
144,Bride,Bolens,bbolens3z@jimdo.com,Female,30.149.127.19
145,Anya,Sisland,asisland40@ow.ly,Female,157.191.13.45
146,Willie,Stocking,wstocking41@google.co.uk,Agender,77.202.54.190
147,Brett,Gribbin,bgribbin42@chronoengine.com,Female,229.54.82.72
148,Rosemaria,Kissock,rkissock43@angelfire.com,Female,12.171.40.199
149,Leanor,Bungey,lbungey44@chronoengine.com,Female,131.37.73.240
150,Adora,Lind,alind45@usnews.com,Female,201.76.23.222
151,Jermaine,Kirby,jkirby46@sina.com.cn,Female,50.175.185.206
152,Justinn,Websdale,jwebsdale47@linkedin.com,Female,92.235.166.213
153,Chrysler,Niset,cniset48@hostgator.com,Female,3.188.196.4
154,Averyl,Wateridge,awateridge49@imageshack.us,Female,26.204.218.157
155,Misti,Edinburough,medinburough4a@shinystat.com,Female,2.56.134.178
156,Briggs,Cacacie,bcacacie4b@mayoclinic.com,Male,180.13.200.187
157,Harlin,Fass,hfass4c@dot.gov,Male,167.185.210.178
158,Nikoletta,Arminger,narminger4d@joomla.org,Female,50.93.0.72
159,Freddie,Maeer,fmaeer4e@buzzfeed.com,Male,127.245.178.236
160,Floyd,Cornelissen,fcornelissen4f@goo.gl,Male,48.186.35.18
161,Grissel,Altamirano,galtamirano4g@economist.com,Female,5.138.7.143
162,Orly,Pemberton,opemberton4h@newyorker.com,Female,118.61.100.92
163,Rossie,Dufore,rdufore4i@redcross.org,Male,240.34.112.106
164,Janey,Coleridge,jcoleridge4j@storify.com,Female,115.184.15.5
165,Genny,Colquhoun,gcolquhoun4k@indiatimes.com,Female,151.193.139.23
166,Madel,Deely,mdeely4l@shinystat.com,Female,59.81.225.45
167,Marlowe,Kinkead,mkinkead4m@smugmug.com,Male,171.36.164.171
168,Ransell,West,rwest4n@jiathis.com,Male,245.215.59.229
169,Randolph,Kleynen,rkleynen4o@photobucket.com,Male,177.23.109.242
170,Lacee,Espine,lespine4p@is.gd,Female,162.53.82.7
171,Rhys,Fruser,rfruser4q@typepad.com,Male,34.109.117.4
172,Ahmed,Lenchenko,alenchenko4r@e-recht24.de,Male,34.66.77.247
173,Graehme,Allender,gallender4s@example.com,Male,43.176.37.248
174,Ali,Ryding,aryding4t@mediafire.com,Female,45.230.43.117
175,Cordelia,Arkin,carkin4u@ameblo.jp,Female,241.34.45.127
176,Boris,McQuirter,bmcquirter4v@oakley.com,Male,186.84.118.152
177,Gaynor,Rowthorn,growthorn4w@elegantthemes.com,Female,1.75.53.103
178,Augustin,O'Halloran,aohalloran4x@usa.gov,Male,0.33.237.41
179,Hestia,Pixton,hpixton4y@dell.com,Female,125.104.81.19
180,Doralia,Spellar,dspellar4z@mapy.cz,Agender,206.14.214.104
181,Caleb,Comber,ccomber50@webs.com,Male,245.225.16.102
182,Maudie,O' Connell,moconnell51@cargocollective.com,Female,201.1.187.17
183,Torrin,Sussex,tsussex52@columbia.edu,Male,177.159.53.17
184,Sol,Collick,scollick53@odnoklassniki.ru,Male,88.253.254.244
185,Keefer,Powter,kpowter54@godaddy.com,Male,118.250.6.39
186,Oralle,Letts,oletts55@unc.edu,Female,19.0.76.134
187,Pennie,Howood,phowood56@wikispaces.com,Female,6.145.141.110
188,Hilario,Boddis,hboddis57@ucoz.com,Male,113.133.202.115
189,Viviana,Thunnercliffe,vthunnercliffe58@slate.com,Female,58.229.104.152
190,Adara,Pacitti,apacitti59@shutterfly.com,Female,2.59.43.85
191,Doroteya,Dome,ddome5a@timesonline.co.uk,Female,171.82.198.50
192,Lawton,Becks,lbecks5b@sourceforge.net,Non-binary,54.240.184.66
193,Leila,Leggott,lleggott5c@icq.com,Female,149.240.26.24
194,Erena,Moxley,emoxley5d@usa.gov,Bigender,125.251.218.124
195,Kendrick,Belz,kbelz5e@google.com.hk,Male,244.183.26.215
196,Vance,Hovert,vhovert5f@surveymonkey.com,Male,75.107.164.205
197,Candie,Corington,ccorington5g@list-manage.com,Genderqueer,185.84.89.10
198,Erinna,McCrea,emccrea5h@icq.com,Female,153.75.98.57
199,Roma,Sellek,rsellek5i@phpbb.com,Male,237.139.92.125
200,Peter,Blencoe,pblencoe5j@ftc.gov,Male,192.15.87.13
201,Saree,Mudd,smudd5k@ask.com,Female,87.180.155.235
202,Orel,Goodbarr,ogoodbarr5l@patch.com,Non-binary,124.225.58.255
203,Ambrosi,Edwards,aedwards5m@berkeley.edu,Male,28.188.35.16
204,Lauri,Hollingshead,lhollingshead5n@sun.com,Female,124.28.215.16
205,Micheil,Strowther,mstrowther5o@wufoo.com,Male,109.154.177.83
206,Cassondra,Cotta,ccotta5p@google.es,Female,138.99.35.42
207,Aristotle,Gladwell,agladwell5q@xing.com,Male,7.220.80.142
208,Jemmy,Klich,jklich5r@com.com,Female,125.188.28.36
209,Rollo,Bartolic,rbartolic5s@webmd.com,Male,227.19.51.251
210,Enrique,MacKee,emackee5t@unicef.org,Male,30.222.46.169
211,Pavel,Kelly,pkelly5u@facebook.com,Male,24.62.145.215
212,Randal,Jatczak,rjatczak5v@nsw.gov.au,Male,195.175.192.130
213,Carly,De'Ath,cdeath5w@multiply.com,Female,138.201.102.93
214,Barr,Pallant,bpallant5x@diigo.com,Male,251.149.230.147
215,Ortensia,Hanbidge,ohanbidge5y@creativecommons.org,Non-binary,211.111.94.87
216,Lilyan,Ovett,lovett5z@hugedomains.com,Female,143.147.38.86
217,Harley,Spybey,hspybey60@webmd.com,Male,220.9.8.139
218,Steffie,Leeburne,sleeburne61@sbwire.com,Female,198.121.213.140
219,Francklyn,Berfoot,fberfoot62@smh.com.au,Male,7.116.192.184
220,Osbert,Moyne,omoyne63@instagram.com,Male,173.65.126.240
221,Alick,Pellingar,apellingar64@chicagotribune.com,Male,230.229.163.23
222,Erinn,Mapstone,emapstone65@sakura.ne.jp,Female,84.82.204.42
223,Odo,Hast,ohast66@t-online.de,Male,162.121.90.171
224,Curr,Ovell,covell67@amazon.com,Male,239.202.4.214
225,Alaric,Huet,ahuet68@odnoklassniki.ru,Male,129.186.123.142
226,Leigh,Taphouse,ltaphouse69@washingtonpost.com,Male,160.163.99.226
227,Minda,Conti,mconti6a@delicious.com,Female,115.144.83.218
228,Jerrold,Olifaunt,jolifaunt6b@exblog.jp,Male,150.101.1.245
229,Mae,Aldie,maldie6c@ft.com,Female,77.129.233.135
230,Uriel,Lyes,ulyes6d@github.com,Non-binary,20.65.210.162
231,Pearle,Tolemache,ptolemache6e@hc360.com,Polygender,38.93.149.126
232,Gabrila,Baskerville,gbaskerville6f@twitter.com,Bigender,140.101.206.89
233,Poul,Moir,pmoir6g@archive.org,Male,13.92.75.48
234,Kristoffer,Shawl,kshawl6h@nifty.com,Male,116.15.246.85
235,Emili,Aaron,eaaron6i@mediafire.com,Female,131.188.146.241
236,Gilberte,Panchin,gpanchin6j@shutterfly.com,Female,190.107.83.73
237,Andy,Mollatt,amollatt6k@pen.io,Male,141.198.38.82
238,Elset,McGowing,emcgowing6l@zdnet.com,Female,238.138.242.196
239,Drake,Luddy,dluddy6m@mozilla.org,Male,150.93.141.101
240,Sidonnie,Bachshell,sbachshell6n@admin.ch,Female,247.227.20.84
241,Dwayne,Tomaszek,dtomaszek6o@epa.gov,Male,202.5.168.83
242,Thorndike,Oxbe,toxbe6p@newsvine.com,Non-binary,73.225.132.230
243,Jackie,Perdue,jperdue6q@dropbox.com,Female,190.46.42.36
244,Norrie,Johnigan,njohnigan6r@cbslocal.com,Male,141.228.81.33
245,Royall,Brinkler,rbrinkler6s@google.cn,Male,140.5.62.101
246,Isaak,Suggett,isuggett6t@walmart.com,Male,94.57.59.195
247,Afton,Adanet,aadanet6u@bravesites.com,Female,66.22.199.219
248,Sashenka,Fleetham,sfleetham6v@bloglovin.com,Female,161.94.185.18
249,Tallulah,Worgen,tworgen6w@networkadvertising.org,Female,244.204.125.47
250,Konstantin,Caltun,kcaltun6x@photobucket.com,Male,180.108.157.76
251,Hoebart,Semper,hsemper6y@globo.com,Male,134.28.215.120
252,Sophey,Bortoli,sbortoli6z@hhs.gov,Female,116.134.252.75
253,Catina,Bartolomeoni,cbartolomeoni70@360.cn,Female,243.78.51.223
254,Roseanna,Skettles,rskettles71@ycombinator.com,Genderfluid,112.66.231.37
255,Gilbert,Zanitti,gzanitti72@loc.gov,Male,47.129.184.150
256,Coreen,Lowell,clowell73@ucla.edu,Female,201.23.124.145
257,Gilemette,Buckham,gbuckham74@shinystat.com,Female,98.213.243.232
258,Broddy,Ewing,bewing75@hp.com,Genderqueer,233.229.149.142
259,Michel,Brum,mbrum76@un.org,Male,101.88.180.132
260,Deena,Iacobo,diacobo77@csmonitor.com,Female,76.126.66.161
261,Mikey,Shall,mshall78@meetup.com,Male,251.26.41.194
262,Ally,Hedgeman,ahedgeman79@google.nl,Polygender,177.203.226.1
263,Court,Kleinschmidt,ckleinschmidt7a@wikia.com,Male,19.66.195.230
264,Richart,Sayce,rsayce7b@elegantthemes.com,Male,218.50.247.96
265,Randie,McEneny,rmceneny7c@delicious.com,Bigender,155.8.127.148
266,Gladi,Galiford,ggaliford7d@oaic.gov.au,Female,237.245.226.90
267,Tabina,Scorton,tscorton7e@instagram.com,Female,172.52.34.109
268,Cindie,Robbings,crobbings7f@google.com.au,Polygender,247.164.121.127
269,Casper,Champion,cchampion7g@pagesperso-orange.fr,Male,26.110.186.121
270,Rachel,Meynell,rmeynell7h@naver.com,Female,29.224.205.226
271,Halsey,Ruger,hruger7i@fc2.com,Male,132.244.213.101
272,Gillie,Dorset,gdorset7j@soup.io,Female,39.93.114.64
273,Maurita,Whitley,mwhitley7k@msu.edu,Female,10.13.176.170
274,Heywood,Fabb,hfabb7l@facebook.com,Male,108.92.219.110
275,Alon,Shapera,ashapera7m@is.gd,Male,46.70.70.100
276,Lianne,Gaylord,lgaylord7n@ihg.com,Female,118.120.240.140
277,Natalina,Pavlovsky,npavlovsky7o@zimbio.com,Female,19.96.163.210
278,Stinky,Osbiston,sosbiston7p@ft.com,Genderqueer,198.235.12.242
279,Roana,Comi,rcomi7q@youtu.be,Female,73.191.72.147
280,Cobbie,Ivimey,civimey7r@about.com,Male,51.56.117.173
281,Jacklyn,Whimper,jwhimper7s@toplist.cz,Agender,69.164.9.84
282,Josiah,Pirot,jpirot7t@businessweek.com,Male,191.112.78.206
283,Tiffi,Filyashin,tfilyashin7u@artisteer.com,Female,226.171.199.248
284,Laurie,Chimes,lchimes7v@sfgate.com,Female,32.55.209.248
285,Celina,Muddimer,cmuddimer7w@nationalgeographic.com,Female,53.49.228.152
286,Heriberto,Brook,hbrook7x@sina.com.cn,Male,201.104.207.129
287,Nikolas,Fairham,nfairham7y@chicagotribune.com,Male,46.173.227.169
288,Elane,Maybery,emaybery7z@indiegogo.com,Female,154.146.172.170
289,Dante,Giffen,dgiffen80@mit.edu,Male,224.113.194.173
290,Janek,O'Mahoney,jomahoney81@google.com.hk,Male,77.117.249.138
291,Karoly,Salzberger,ksalzberger82@upenn.edu,Female,33.64.208.148
292,Barry,McMillam,bmcmillam83@upenn.edu,Male,22.110.65.169
293,Ulick,O'Noulane,uonoulane84@wsj.com,Male,234.70.86.125
294,Turner,Hackworth,thackworth85@tripod.com,Male,193.92.56.241
295,Jeddy,Firmager,jfirmager86@shop-pro.jp,Genderfluid,224.61.92.124
296,Hammad,Zapater,hzapater87@eepurl.com,Male,111.200.163.123
297,Shermy,Cannon,scannon88@php.net,Male,175.18.217.192
298,Lyndell,Lewry,llewry89@cnet.com,Female,36.34.194.219
299,Elisabetta,Paunsford,epaunsford8a@fema.gov,Female,21.252.117.213
300,Lilith,Wynne,lwynne8b@va.gov,Female,169.171.122.218
301,Murry,Novakovic,mnovakovic8c@quantcast.com,Male,58.178.157.11
302,Matthew,Falla,mfalla8d@example.com,Male,235.229.113.104
303,Woodman,Cocklin,wcocklin8e@imgur.com,Male,138.53.254.241
304,Maryrose,Iskow,miskow8f@merriam-webster.com,Female,139.104.61.102
305,Corbet,Mence,cmence8g@sogou.com,Genderqueer,109.165.124.60
306,Colby,McCurt,cmccurt8h@homestead.com,Male,242.205.178.52
307,Meredeth,Cleugher,mcleugher8i@pbs.org,Male,61.22.104.68
308,Morgen,Smeuin,msmeuin8j@timesonline.co.uk,Male,48.71.60.245
309,Rayshell,Water,rwater8k@cloudflare.com,Female,171.52.115.124
310,Kariotta,McKevitt,kmckevitt8l@washington.edu,Female,52.95.31.237
311,Nealy,Masi,nmasi8m@comsenz.com,Male,41.163.141.74
312,Hermie,Sansom,hsansom8n@ox.ac.uk,Agender,38.105.199.28
313,Shawn,Vose,svose8o@live.com,Female,216.167.75.206
314,Jobye,Wrack,jwrack8p@livejournal.com,Female,155.23.81.22
315,Kelli,Baverstock,kbaverstock8q@gmpg.org,Female,154.209.143.90
316,Tommy,Oris,toris8r@smugmug.com,Male,209.146.35.190
317,Levy,Cumberlidge,lcumberlidge8s@twitter.com,Male,30.136.51.91
318,Mervin,Scotcher,mscotcher8t@webeden.co.uk,Bigender,186.239.195.43
319,Cherise,Quinlan,cquinlan8u@nature.com,Female,205.125.207.169
320,Mariam,Dahlman,mdahlman8v@qq.com,Female,189.112.6.20
321,Amie,Le Breton De La Vieuville,alebretondelavieuville8w@nydailynews.com,Female,108.163.132.107
322,Tony,O'Lynn,tolynn8x@yahoo.co.jp,Male,156.255.156.106
323,Javier,Oxlee,joxlee8y@macromedia.com,Male,248.216.54.17
324,Harwell,Cannon,hcannon8z@ask.com,Male,45.233.47.66
325,Solomon,Ronisch,sronisch90@sfgate.com,Male,74.206.18.225
326,Cindee,Saddler,csaddler91@symantec.com,Female,217.126.252.21
327,Margarethe,Minshall,mminshall92@wordpress.org,Bigender,18.215.21.217
328,Bobbette,Hessing,bhessing93@prnewswire.com,Female,18.209.93.9
329,Eben,Lorriman,elorriman94@histats.com,Male,165.178.190.155
330,Linnie,Cranney,lcranney95@va.gov,Female,27.93.217.52
331,Cindy,Rockingham,crockingham96@unicef.org,Female,209.176.59.188
332,Sancho,Pennrington,spennrington97@examiner.com,Male,185.111.67.48
333,Jere,Rive,jrive98@omniture.com,Female,112.223.239.239
334,Stearne,Balston,sbalston99@nsw.gov.au,Male,50.89.88.150
335,Gerik,Bachellier,gbachellier9a@noaa.gov,Male,83.69.99.197
336,Etienne,Balderson,ebalderson9b@soundcloud.com,Male,128.86.167.237
337,Phyllis,Britzius,pbritzius9c@telegraph.co.uk,Female,45.143.42.101
338,Mikkel,Purkis,mpurkis9d@google.ru,Male,170.148.186.153
339,Adan,Leheude,aleheude9e@indiatimes.com,Female,105.41.3.151
340,Meryl,Fundell,mfundell9f@cargocollective.com,Male,227.165.179.233
341,Frasco,Klain,fklain9g@cisco.com,Male,120.144.240.13
342,Lolita,Ovanesian,lovanesian9h@friendfeed.com,Female,230.46.99.205
343,Margi,Chatell,mchatell9i@phpbb.com,Female,87.43.21.177
344,Hersch,Serris,hserris9j@google.cn,Male,89.58.102.96
345,Pascale,Braikenridge,pbraikenridge9k@virginia.edu,Male,1.41.176.18
346,Teriann,Aleswell,taleswell9l@yellowbook.com,Female,96.133.83.7
347,Gilbertina,Haymes,ghaymes9m@blogspot.com,Female,160.12.108.166
348,Jaquenetta,Soden,jsoden9n@unicef.org,Female,129.179.206.140
349,Jeth,Girardy,jgirardy9o@geocities.com,Male,133.214.193.227
350,Rock,Rizzi,rrizzi9p@youtube.com,Agender,181.8.245.85
351,Lauryn,Mauger,lmauger9q@1und1.de,Female,210.217.175.28
352,Daffie,Gregersen,dgregersen9r@hud.gov,Female,113.125.99.4
353,Shana,Bakes,sbakes9s@squarespace.com,Female,202.94.159.149
354,Arne,Slowgrave,aslowgrave9t@last.fm,Male,250.38.25.15
355,Darby,Fellgate,dfellgate9u@wikimedia.org,Male,48.101.81.96
356,Jillane,Pearcy,jpearcy9v@salon.com,Female,203.157.152.158
357,Giovanni,Hobgen,ghobgen9w@paginegialle.it,Male,211.160.187.127
358,Casey,Bourges,cbourges9x@alexa.com,Male,254.85.94.67
359,Francklyn,Vigrass,fvigrass9y@opensource.org,Male,160.57.198.238
360,Farr,Seabrocke,fseabrocke9z@parallels.com,Male,45.222.97.173
361,Spense,Skirlin,sskirlina0@twitter.com,Male,40.228.161.130
362,Manfred,Giblin,mgiblina1@unblog.fr,Male,137.17.176.14
363,Vanna,Corrigan,vcorrigana2@delicious.com,Female,96.25.59.180
364,Ralina,Peasgood,rpeasgooda3@fc2.com,Female,43.79.92.90
365,Verla,Simmell,vsimmella4@java.com,Female,154.220.181.3
366,Ruprecht,Filippazzo,rfilippazzoa5@nifty.com,Male,253.152.0.164
367,Aurel,Glenfield,aglenfielda6@wix.com,Female,114.217.45.182
368,Leon,Muffett,lmuffetta7@storify.com,Male,201.229.247.59
369,Amelie,Edgcombe,aedgcombea8@wikimedia.org,Female,51.217.115.166
370,Leroi,Roly,lrolya9@slideshare.net,Male,131.69.230.222
371,Marlene,O'Cassidy,mocassidyaa@noaa.gov,Female,233.25.191.8
372,Lenore,Lartice,llarticeab@wiley.com,Female,105.161.106.241
373,Warde,Enderson,wendersonac@dyndns.org,Male,17.34.226.22
374,Bevin,Brede,bbredead@reddit.com,Male,83.155.181.17
375,Pete,Girke,pgirkeae@toplist.cz,Male,134.174.122.45
376,Juliana,End,jendaf@mozilla.org,Female,99.63.94.42
377,Garfield,Alcoran,galcoranag@blogspot.com,Male,251.18.5.120
378,Clerkclaude,Lambarth,clambarthah@dell.com,Male,201.255.53.157
379,Calley,Ogg,coggai@hexun.com,Female,182.65.178.208
380,Hodge,Puleque,hpulequeaj@vistaprint.com,Male,202.44.33.28
381,Gertrude,Myderscough,gmyderscoughak@constantcontact.com,Female,27.224.181.144
382,Letizia,Pettendrich,lpettendrichal@ycombinator.com,Female,89.25.67.45
383,Florella,Piggin,fpigginam@huffingtonpost.com,Female,86.75.83.90
384,Cari,Jaycocks,cjaycocksan@exblog.jp,Female,145.67.247.231
385,Brianne,Wimpenny,bwimpennyao@acquirethisname.com,Female,81.254.185.151
386,Tansy,Giscken,tgisckenap@mail.ru,Female,144.134.68.227
387,Hamilton,Lumb,hlumbaq@businessinsider.com,Male,135.13.40.120
388,Alejandro,Braycotton,abraycottonar@yellowbook.com,Male,81.255.41.181
389,Shell,Harston,sharstonas@netscape.com,Female,119.21.28.35
390,Dianne,Vequaud,dvequaudat@tripadvisor.com,Female,114.222.101.249
391,Lolita,O'Hingerty,lohingertyau@amazonaws.com,Female,195.147.199.127
392,Danita,Cumo,dcumoav@telegraph.co.uk,Polygender,169.203.168.43
393,Tasia,Denyakin,tdenyakinaw@state.gov,Female,11.42.193.35
394,Shay,McDuffie,smcduffieax@vistaprint.com,Male,231.119.241.225
395,Zelda,Rickman,zrickmanay@timesonline.co.uk,Female,156.61.243.64
396,Fran,Ruddell,fruddellaz@ezinearticles.com,Female,124.255.21.10
397,Evelyn,Collar,ecollarb0@trellian.com,Male,89.177.159.133
398,Cirillo,Stobo,cstobob1@angelfire.com,Male,150.23.245.119
399,Dinny,Farnon,dfarnonb2@si.edu,Female,117.91.31.2
400,Shell,Rubery,sruberyb3@123-reg.co.uk,Male,99.218.211.55
401,Joella,Tinklin,jtinklinb4@hubpages.com,Female,89.197.41.240
402,Fletch,Busse,fbusseb5@over-blog.com,Male,168.142.37.126
403,Malachi,Saffin,msaffinb6@sourceforge.net,Male,236.222.182.29
404,Hermy,Aleshintsev,haleshintsevb7@google.de,Male,17.240.159.64
405,Manolo,Blaxter,mblaxterb8@surveymonkey.com,Male,115.58.61.46
406,Evy,Haukey,ehaukeyb9@sitemeter.com,Female,245.52.36.92
407,Giraldo,Beaney,gbeaneyba@opera.com,Male,186.21.67.155
408,Magda,Sate,msatebb@usatoday.com,Female,241.105.59.189
409,Lorianne,Croisdall,lcroisdallbc@behance.net,Female,159.2.247.167
410,Lazaro,Summers,lsummersbd@cargocollective.com,Male,243.39.55.110
411,Hubert,Abramow,habramowbe@google.de,Male,140.27.128.152
412,Sayre,Backe,sbackebf@fc2.com,Male,221.157.25.20
413,Care,Castano,ccastanobg@cafepress.com,Male,104.43.211.121
414,Buiron,Parradye,bparradyebh@dagondesign.com,Male,67.162.121.0
415,Jay,Garatty,jgarattybi@auda.org.au,Genderqueer,227.248.226.181
416,Rockwell,Millier,rmillierbj@wikia.com,Male,47.82.202.123
417,Kip,Dacke,kdackebk@blog.com,Male,141.44.90.82
418,Adoree,Dispencer,adispencerbl@hostgator.com,Bigender,243.174.141.84
419,Vania,Brigdale,vbrigdalebm@uiuc.edu,Female,103.12.118.0
420,Boony,O'Siaghail,bosiaghailbn@vk.com,Bigender,101.43.214.99
421,Emmye,Cowherd,ecowherdbo@oaic.gov.au,Female,194.32.249.238
422,Burl,Willes,bwillesbp@loc.gov,Male,2.243.173.119
423,Mandel,McTurley,mmcturleybq@forbes.com,Male,252.213.213.197
424,Ruttger,Wharfe,rwharfebr@answers.com,Male,159.45.5.207
425,Brok,Calles,bcallesbs@nifty.com,Male,176.81.173.191
426,Marion,Edgson,medgsonbt@loc.gov,Male,85.248.67.31
427,Farrah,Levins,flevinsbu@dropbox.com,Female,126.82.152.61
428,Elbert,Rozenbaum,erozenbaumbv@prweb.com,Male,230.139.189.111
429,Keelby,Eilhart,keilhartbw@shinystat.com,Male,155.153.59.200
430,Marcelline,Jolley,mjolleybx@blog.com,Female,122.55.165.222
431,Sutton,Frogley,sfrogleyby@ca.gov,Male,211.111.72.182
432,Ulla,Frail,ufrailbz@mayoclinic.com,Female,245.204.57.74
433,Christoper,Lyford,clyfordc0@nps.gov,Male,147.160.115.64
434,Burt,Spender,bspenderc1@parallels.com,Male,103.92.219.47
435,Marlo,Candlish,mcandlishc2@nationalgeographic.com,Male,206.24.98.88
436,Cari,Lotze,clotzec3@reddit.com,Female,190.226.20.55
437,Hermann,Rabbitt,hrabbittc4@tripadvisor.com,Male,40.4.207.193
438,Simone,Stainfield,sstainfieldc5@microsoft.com,Male,31.43.223.210
439,Howard,Kopman,hkopmanc6@salon.com,Male,139.142.239.103
440,Brianna,Duthie,bduthiec7@delicious.com,Female,157.209.91.221
441,Mallory,Redier,mredierc8@github.com,Male,236.91.118.209
442,Ynez,Skipsea,yskipseac9@goo.ne.jp,Female,137.122.148.201
443,Stuart,O'Cannovane,socannovaneca@geocities.jp,Male,117.76.140.173
444,Kira,Elsley,kelsleycb@lulu.com,Female,54.3.50.182
445,Aile,Merrin,amerrincc@mit.edu,Female,173.194.214.179
446,Corbin,Ryles,crylescd@joomla.org,Male,154.27.47.48
447,Donielle,Sealove,dsealovece@spotify.com,Female,203.228.130.68
448,Rey,Bram,rbramcf@usda.gov,Female,14.139.238.34
449,Barb,Stoeck,bstoeckcg@dropbox.com,Female,114.17.81.217
450,Franni,Roggerone,froggeronech@spiegel.de,Female,185.109.22.30
451,Benito,Betteson,bbettesonci@latimes.com,Male,155.110.31.50
452,Kai,Peddar,kpeddarcj@51.la,Female,52.236.137.121
453,Heloise,Walkingshaw,hwalkingshawck@bloglovin.com,Female,52.147.113.13
454,Killy,Habercham,khaberchamcl@google.com.hk,Male,42.87.29.109
455,Cesar,Rosebotham,crosebothamcm@wired.com,Male,107.102.198.201
456,Talbot,Mollene,tmollenecn@smugmug.com,Male,76.110.245.158
457,Vivyan,Barby,vbarbyco@europa.eu,Female,45.93.9.236
458,Elaina,Sambles,esamblescp@github.com,Female,48.14.191.46
459,Ann-marie,Fairbrace,afairbracecq@imgur.com,Female,112.96.244.1
460,Maurice,Yedy,myedycr@multiply.com,Male,81.100.208.187
461,Katha,Ridings,kridingscs@marriott.com,Female,119.126.170.203
462,Isidore,McGreary,imcgrearyct@economist.com,Male,84.5.111.162
463,Hattie,Straker,hstrakercu@fc2.com,Female,198.48.19.188
464,Jerrylee,Birds,jbirdscv@yellowbook.com,Female,215.197.47.148
465,Hobart,Dabell,hdabellcw@marketwatch.com,Male,201.242.206.30
466,Charmaine,Kirkpatrick,ckirkpatrickcx@buzzfeed.com,Female,39.59.55.164
467,Stanford,Jaukovic,sjaukoviccy@google.com.au,Male,175.94.206.30
468,Franky,Dukes,fdukescz@yandex.ru,Female,133.107.45.126
469,Garreth,Maxworthy,gmaxworthyd0@dagondesign.com,Non-binary,82.179.181.87
470,Karoly,Gasker,kgaskerd1@weibo.com,Female,97.17.169.0
471,Dolorita,Brafield,dbrafieldd2@webs.com,Female,198.101.59.224
472,Giles,Hovenden,ghovendend3@oracle.com,Male,22.170.11.34
473,Alaster,Rosenbusch,arosenbuschd4@studiopress.com,Male,135.113.162.25
474,Farrell,Fentem,ffentemd5@statcounter.com,Male,203.237.218.221
475,Petronille,Morit,pmoritd6@joomla.org,Female,96.139.40.99
476,Lauretta,Gristock,lgristockd7@earthlink.net,Agender,160.39.235.134
477,Skyler,Baldick,sbaldickd8@house.gov,Male,183.190.249.75
478,Dillie,Buckles,dbucklesd9@webmd.com,Male,39.107.145.209
479,Karoly,Longley,klongleyda@google.es,Agender,125.216.44.1
480,Field,Ottiwill,fottiwilldb@ow.ly,Male,136.63.228.123
481,Moira,Caveill,mcaveilldc@constantcontact.com,Female,110.80.19.64
482,Goran,Pickhaver,gpickhaverdd@netvibes.com,Male,192.24.217.128
483,Christabella,Brellin,cbrellinde@boston.com,Female,49.91.17.206
484,Corbet,Ferencz,cferenczdf@booking.com,Male,130.85.182.147
485,Barbabra,Brodeur,bbrodeurdg@blogger.com,Genderqueer,118.125.188.34
486,Sloane,Spohr,sspohrdh@virginia.edu,Male,160.37.215.88
487,Phil,Ivashchenko,pivashchenkodi@indiegogo.com,Female,252.155.31.211
488,Sheila-kathryn,Jeandot,sjeandotdj@netscape.com,Non-binary,100.203.39.16
489,Stephi,Levitt,slevittdk@hhs.gov,Female,56.209.127.213
490,Tawsha,Covey,tcoveydl@msn.com,Female,225.90.108.101
491,Ase,Wardesworth,awardesworthdm@msu.edu,Male,89.0.108.66
492,Carolee,Hurch,churchdn@amazon.com,Female,50.38.252.160
493,Lyndsey,Loach,lloachdo@cyberchimps.com,Non-binary,92.151.229.159
494,Frants,Berriman,fberrimandp@yale.edu,Male,44.114.38.86
495,Rodge,Duckinfield,rduckinfielddq@blogger.com,Male,77.176.133.24
496,Christie,Rawstorn,crawstorndr@oracle.com,Female,98.232.77.244
497,Humfrid,Scane,hscaneds@newyorker.com,Male,203.80.105.237
498,Bonni,Hammonds,bhammondsdt@rakuten.co.jp,Female,120.89.246.214
499,Anabelle,Cheesworth,acheesworthdu@1688.com,Female,222.134.8.72
500,Tresa,Delve,tdelvedv@narod.ru,Female,80.28.158.0
501,Car,Haughton,chaughtondw@intel.com,Male,38.193.103.32
502,Darcy,Ayres,dayresdx@nature.com,Female,204.6.89.78
503,Kele,McVane,kmcvanedy@ask.com,Male,63.179.58.143
504,Westley,Banasevich,wbanasevichdz@yandex.ru,Male,71.239.101.12
505,Ardis,Fowlestone,afowlestonee0@columbia.edu,Female,194.135.205.44
506,Dela,Farron,dfarrone1@hatena.ne.jp,Female,253.30.50.157
507,Eb,Celler,ecellere2@biglobe.ne.jp,Male,216.198.153.144
508,Micaela,Kenelin,mkeneline3@slate.com,Female,139.148.197.162
509,Myrna,Gosby,mgosbye4@tripod.com,Female,119.109.196.102
510,Shelley,Breit,sbreite5@opera.com,Female,107.114.39.142
511,Baxy,Janacek,bjanaceke6@homestead.com,Male,118.190.19.250
512,Arlena,Featherstone,afeatherstonee7@google.ca,Genderqueer,24.87.215.67
513,Genevra,Coulson,gcoulsone8@google.ru,Female,29.151.201.219
514,Dagmar,Gibbs,dgibbse9@blogtalkradio.com,Female,143.249.71.188
515,Dulcy,Vaney,dvaneyea@oracle.com,Female,251.121.245.54
516,Neddy,Kingswell,nkingswelleb@spiegel.de,Male,166.251.159.33
517,Kimberley,Ardron,kardronec@about.com,Female,235.227.87.34
518,Zea,Geistmann,zgeistmanned@mit.edu,Female,224.69.200.26
519,Brunhilda,Espinosa,bespinosaee@moonfruit.com,Female,43.184.2.67
520,Rosalia,Lemmer,rlemmeref@bluehost.com,Female,219.243.130.135
521,Verile,Stuehmeier,vstuehmeiereg@upenn.edu,Female,187.181.82.238
522,Teddy,Kubin,tkubineh@uiuc.edu,Male,186.175.249.142
523,Toma,Astbury,tastburyei@myspace.com,Female,251.210.34.2
524,Stevy,Hosier,shosierej@redcross.org,Genderqueer,107.118.141.181
525,Gabriel,Brobak,gbrobakek@sfgate.com,Male,92.182.143.100
526,Lucio,Spuner,lspunerel@squarespace.com,Male,55.51.140.48
527,Anissa,Halpen,ahalpenem@youku.com,Female,43.244.174.226
528,Craggie,Yantsurev,cyantsureven@vinaora.com,Male,0.180.122.183
529,Franchot,Flag,fflageo@themeforest.net,Male,223.200.87.132
530,Mord,Ionnisian,mionnisianep@jugem.jp,Bigender,246.97.232.223
531,Nina,Corr,ncorreq@cornell.edu,Female,68.63.220.122
532,Nicola,Lockey,nlockeyer@cafepress.com,Female,98.62.92.83
533,Rodolfo,Ferie,rferiees@artisteer.com,Male,204.48.25.201
534,Eloise,Tinkham,etinkhamet@e-recht24.de,Female,110.56.119.20
535,Pollyanna,Cohn,pcohneu@wordpress.com,Genderfluid,54.93.128.133
536,Fleurette,Mapstone,fmapstoneev@aboutads.info,Female,37.219.209.40
537,Horatia,Henworth,hhenworthew@dedecms.com,Female,252.190.206.43
538,Alana,Marritt,amarrittex@nasa.gov,Female,179.108.110.22
539,Correy,Capstack,ccapstackey@craigslist.org,Male,54.47.167.25
540,Harv,Bohey,hboheyez@arstechnica.com,Male,82.69.83.162
541,Irene,Webburn,iwebburnf0@wp.com,Female,198.240.164.0
542,Corri,Shadrack,cshadrackf1@joomla.org,Female,145.118.68.98
543,Bambi,Surr,bsurrf2@wisc.edu,Female,24.69.180.249
544,Omero,Else,oelsef3@flickr.com,Male,69.126.163.170
545,Charlotte,Cammocke,ccammockef4@histats.com,Female,85.141.228.110
546,Rozina,Ingliby,ringlibyf5@unblog.fr,Female,139.27.100.123
547,Dacia,de Voiels,ddevoielsf6@indiegogo.com,Female,236.50.186.158
548,Brent,Panas,bpanasf7@sun.com,Male,120.238.5.36
549,Cindi,McGaraghan,cmcgaraghanf8@altervista.org,Polygender,48.112.133.151
550,Garret,Bowen,gbowenf9@over-blog.com,Male,21.63.40.126
551,Britteny,Fletcher,bfletcherfa@taobao.com,Female,87.155.133.142
552,Elden,Mulbery,emulberyfb@delicious.com,Male,179.137.228.121
553,Dalston,Adey,dadeyfc@blogspot.com,Genderfluid,211.226.137.238
554,Mair,Giorgielli,mgiorgiellifd@deviantart.com,Female,127.0.69.7
555,Winn,Booth-Jarvis,wboothjarvisfe@google.ru,Male,133.226.108.135
556,Godart,McDougall,gmcdougallff@e-recht24.de,Male,140.93.23.223
557,Egor,Wolfart,ewolfartfg@techcrunch.com,Male,61.127.132.74
558,Gerrard,Stoeck,gstoeckfh@washington.edu,Genderqueer,60.142.126.47
559,Goldy,Eggleston,gegglestonfi@storify.com,Female,50.213.114.163
560,Natale,Noteyoung,nnoteyoungfj@ucoz.ru,Male,2.134.125.176
561,Kendre,Mattaser,kmattaserfk@geocities.jp,Female,166.248.77.150
562,Pepe,De Cleyne,pdecleynefl@mysql.com,Male,57.129.160.149
563,Amil,Westell,awestellfm@nbcnews.com,Female,18.223.212.205
564,Robinia,Waterworth,rwaterworthfn@ftc.gov,Female,119.248.93.16
565,Latisha,Creavan,lcreavanfo@woothemes.com,Female,112.33.128.231
566,Koralle,Shimmin,kshimminfp@who.int,Female,240.220.68.6
567,Pattie,Morfell,pmorfellfq@ucsd.edu,Male,146.241.102.174
568,Delinda,Frays,dfraysfr@newyorker.com,Female,65.21.82.27
569,Noellyn,Mahy,nmahyfs@nps.gov,Female,142.67.33.107
570,Dominik,Torrisi,dtorrisift@dot.gov,Male,253.138.11.162
571,Ardelia,Mielnik,amielnikfu@wired.com,Genderqueer,47.117.71.134
572,Allyn,Mannooch,amannoochfv@dot.gov,Male,152.15.246.19
573,Jess,Amott,jamottfw@g.co,Female,212.92.141.177
574,Tally,Brosch,tbroschfx@admin.ch,Genderqueer,59.123.245.231
575,Kellen,Bosch,kboschfy@hexun.com,Female,184.245.202.179
576,Jeanelle,Jackett,jjackettfz@toplist.cz,Female,113.236.148.148
577,Daphna,Beelby,dbeelbyg0@aol.com,Female,163.1.107.2
578,Elfreda,Merrisson,emerrissong1@cbsnews.com,Female,86.18.92.121
579,Nadean,Vautrey,nvautreyg2@goo.ne.jp,Polygender,146.111.191.89
580,Zelda,Station,zstationg3@tumblr.com,Female,226.159.115.98
581,Dom,Izakson,dizaksong4@baidu.com,Male,143.16.57.102
582,Eustacia,Loudon,eloudong5@baidu.com,Female,108.45.31.117
583,Rennie,Brien,rbrieng6@admin.ch,Female,112.21.150.88
584,Hazel,Pretsell,hpretsellg7@php.net,Male,245.229.61.20
585,Amabel,Martello,amartellog8@clickbank.net,Female,52.243.40.208
586,Cissy,Lackney,clackneyg9@webmd.com,Female,21.153.155.112
587,Beniamino,Radbond,bradbondga@blogger.com,Male,194.215.172.63
588,Gwenny,Beddin,gbeddingb@wikimedia.org,Female,118.109.148.142
589,Thaxter,Driver,tdrivergc@hubpages.com,Male,213.177.101.147
590,Sherm,Manuely,smanuelygd@elpais.com,Male,42.208.90.42
591,Charita,Limbert,climbertge@about.com,Female,237.18.207.168
592,Monro,Farry,mfarrygf@reuters.com,Male,179.142.117.37
593,Bridget,Wickham,bwickhamgg@delicious.com,Female,26.43.103.225
594,Tarah,Van der Merwe,tvandermerwegh@newsvine.com,Genderfluid,35.68.51.69
595,Hercule,Wedderburn,hwedderburngi@marketwatch.com,Male,171.99.241.39
596,Klara,Crimpe,kcrimpegj@wordpress.org,Female,188.58.173.58
597,Lilia,Tainton,ltaintongk@google.com,Female,147.152.11.50
598,Bart,Leftley,bleftleygl@surveymonkey.com,Male,129.89.18.224
599,Franky,O'Brien,fobriengm@disqus.com,Female,79.95.215.40
600,Warner,Swanton,wswantongn@gizmodo.com,Male,93.122.23.76
601,Veriee,Paramore,vparamorego@sciencedaily.com,Female,17.119.115.121
602,Bret,Voules,bvoulesgp@1688.com,Male,135.29.64.198
603,Giacobo,Bruhke,gbruhkegq@boston.com,Male,73.161.160.210
604,Chancey,Peare,cpearegr@xing.com,Male,185.139.213.193
605,Kitti,Ranscomb,kranscombgs@icio.us,Female,114.77.99.104
606,Wallas,Kasbye,wkasbyegt@deliciousdays.com,Male,85.29.103.98
607,Dara,McKeever,dmckeevergu@macromedia.com,Female,10.144.206.107
608,Sydney,Waples,swaplesgv@goodreads.com,Female,25.119.123.250
609,Alexandros,Matiewe,amatiewegw@abc.net.au,Male,37.150.134.101
610,Nero,Ewin,newingx@uiuc.edu,Male,18.205.83.253
611,Kort,Kedward,kkedwardgy@purevolume.com,Male,188.38.216.168
612,Chet,Arent,carentgz@gnu.org,Agender,209.46.65.24
613,Bonni,Loveland,blovelandh0@devhub.com,Female,78.235.66.156
614,Dasha,Weiss,dweissh1@arstechnica.com,Female,184.247.42.191
615,Iris,Lomaz,ilomazh2@mapquest.com,Female,241.71.161.218
616,Carma,Shorton,cshortonh3@163.com,Female,159.59.88.112
617,Clim,Endecott,cendecotth4@fastcompany.com,Male,231.223.73.98
618,Analise,Gaffon,agaffonh5@soup.io,Female,84.102.210.34
619,Danica,Ffoulkes,dffoulkesh6@stumbleupon.com,Female,221.227.22.242
620,Anton,Donner,adonnerh7@rediff.com,Male,246.235.144.92
621,Brande,Goodin,bgoodinh8@cornell.edu,Female,106.41.38.204
622,Tyson,Reary,trearyh9@si.edu,Male,178.237.220.106
623,Almeria,Bestwerthick,abestwerthickha@walmart.com,Female,60.235.131.23
624,Alissa,Dutteridge,adutteridgehb@uiuc.edu,Female,83.105.61.50
625,Frank,Dummigan,fdummiganhc@unc.edu,Male,129.206.109.65
626,Marga,Vaughten,mvaughtenhd@biblegateway.com,Female,65.23.245.170
627,Tymothy,Magarrell,tmagarrellhe@aol.com,Male,136.198.76.154
628,Dewey,Tutchell,dtutchellhf@google.cn,Bigender,3.55.241.28
629,Leslie,Roels,lroelshg@weibo.com,Male,209.100.84.111
630,Stepha,Babon,sbabonhh@last.fm,Female,128.241.243.80
631,Katha,Sauven,ksauvenhi@ustream.tv,Female,73.111.120.186
632,Brenda,Abrey,babreyhj@boston.com,Female,93.13.234.233
633,Shamus,Gutcher,sgutcherhk@unc.edu,Male,172.9.0.208
634,Gabbi,Reignould,greignouldhl@example.com,Female,15.52.53.164
635,Felice,Plunket,fplunkethm@indiegogo.com,Female,161.207.77.93
636,Gordon,Scutchings,gscutchingshn@narod.ru,Male,254.210.140.42
637,Johnathan,Giffaut,jgiffautho@msn.com,Male,65.37.11.240
638,Lammond,Parmeter,lparmeterhp@wikipedia.org,Male,10.33.21.255
639,Nicko,Dickman,ndickmanhq@fda.gov,Male,25.202.70.113
640,Jamison,Emma,jemmahr@chicagotribune.com,Male,111.6.32.226
641,Dyna,Raincin,draincinhs@blogspot.com,Female,119.128.119.243
642,Cookie,Hrycek,chrycekht@bloglines.com,Bigender,77.117.216.128
643,Kenna,Giraldon,kgiraldonhu@slideshare.net,Female,68.15.83.217
644,Leonora,McCambrois,lmccambroishv@typepad.com,Female,57.16.191.152
645,Thurston,Scullin,tscullinhw@posterous.com,Male,108.224.244.233
646,Hanni,Trundle,htrundlehx@sina.com.cn,Female,244.59.161.210
647,Tiffanie,Farney,tfarneyhy@elpais.com,Female,105.33.212.124
648,Horatius,Lerwill,hlerwillhz@wunderground.com,Male,46.13.164.20
649,Cece,Hosier,chosieri0@statcounter.com,Male,210.153.195.251
650,Alexei,Dunridge,adunridgei1@ustream.tv,Male,68.70.22.9
651,Adria,Swanwick,aswanwicki2@tuttocitta.it,Female,198.197.69.51
652,Pearle,Keizman,pkeizmani3@icio.us,Female,25.129.14.177
653,Kalila,Blaske,kblaskei4@istockphoto.com,Female,37.53.158.211
654,Zitella,Folliott,zfolliotti5@wikispaces.com,Female,194.13.101.169
655,Katharina,Daniely,kdanielyi6@vk.com,Female,32.229.121.24
656,Clywd,Podmore,cpodmorei7@icq.com,Male,32.106.206.29
657,Ruthi,Smedley,rsmedleyi8@google.com,Agender,119.238.10.2
658,Karel,Costerd,kcosterdi9@liveinternet.ru,Non-binary,237.111.25.254
659,Lowe,Carney,lcarneyia@plala.or.jp,Male,41.186.61.48
660,Dannel,Stidston,dstidstonib@buzzfeed.com,Male,18.48.33.175
661,Giorgia,Jobey,gjobeyic@cloudflare.com,Female,23.244.83.183
662,Evelyn,Brisbane,ebrisbaneid@godaddy.com,Female,40.87.127.151
663,Emlyn,Daintry,edaintryie@discuz.net,Male,190.139.252.252
664,Beret,Crease,bcreaseif@baidu.com,Female,228.210.63.75
665,Dawna,Riggs,driggsig@dailymotion.com,Female,124.16.162.90
666,Yard,Sainz,ysainzih@meetup.com,Male,1.139.121.223
667,Patton,Gartenfeld,pgartenfeldii@time.com,Male,227.123.32.222
668,Bogey,Arkcoll,barkcollij@ted.com,Male,142.183.129.192
669,Nissie,Treven,ntrevenik@businessweek.com,Female,186.29.69.33
670,Lianne,Jedryka,ljedrykail@php.net,Female,78.238.11.62
671,Welbie,Boreham,wborehamim@chronoengine.com,Male,26.151.174.179
672,Adrian,Haffner,ahaffnerin@youtu.be,Female,112.215.117.210
673,Milli,Steanyng,msteanyngio@nydailynews.com,Female,185.54.88.254
674,Camilla,Ilchenko,cilchenkoip@ustream.tv,Female,162.232.179.104
675,Rozanna,Mathevon,rmathevoniq@uol.com.br,Genderfluid,121.240.226.91
676,Theodore,Leverett,tleverettir@pen.io,Male,163.245.66.212
677,Cheston,Stanyon,cstanyonis@bloomberg.com,Male,134.203.67.207
678,Lorie,Gaffney,lgaffneyit@sciencedirect.com,Female,151.111.2.113
679,Gerrilee,Garlant,ggarlantiu@un.org,Female,65.136.78.50
680,Tanitansy,Rootes,trootesiv@stanford.edu,Female,212.14.208.182
681,Susanna,Burborough,sburboroughiw@harvard.edu,Female,229.66.197.161
682,Ximenez,Liquorish,xliquorishix@hatena.ne.jp,Genderfluid,134.4.61.64
683,Gabriella,McNeely,gmcneelyiy@amazon.co.uk,Female,201.54.140.207
684,Dallon,Gurdon,dgurdoniz@yellowpages.com,Polygender,196.127.252.46
685,Joey,Annes,jannesj0@newyorker.com,Male,0.240.193.84
686,Lannie,Voisey,lvoiseyj1@multiply.com,Male,213.54.94.235
687,Dierdre,Prinn,dprinnj2@cisco.com,Female,139.159.41.120
688,Marita,Jannasch,mjannaschj3@nps.gov,Genderqueer,107.233.11.34
689,Corabella,Lamb-shine,clambshinej4@shareasale.com,Female,95.94.189.8
690,Salomi,Longina,slonginaj5@zdnet.com,Female,29.22.153.253
691,Sue,Pedley,spedleyj6@meetup.com,Female,198.48.46.50
692,Woodman,Ickovic,wickovicj7@i2i.jp,Male,36.195.136.23
693,Kristo,Thaw,kthawj8@storify.com,Male,191.251.132.50
694,Fey,Paraman,fparamanj9@npr.org,Female,70.235.159.66
695,Gray,Brecher,gbrecherja@alibaba.com,Male,222.198.250.140
696,Emilee,Mackieson,emackiesonjb@webmd.com,Female,157.164.130.207
697,Timothee,Ixer,tixerjc@wordpress.org,Male,94.245.217.227
698,Caralie,Mark,cmarkjd@123-reg.co.uk,Female,128.137.107.233
699,Arabel,Thewys,athewysje@ehow.com,Polygender,123.94.61.217
700,Renato,Bedder,rbedderjf@shutterfly.com,Agender,238.60.247.13
701,Steffen,Bangham,sbanghamjg@yellowbook.com,Male,189.9.125.218
702,Jude,Courcey,jcourceyjh@blogs.com,Agender,98.17.201.138
703,Camala,Bartel,cbartelji@booking.com,Female,7.141.104.148
704,Oliviero,Goodrick,ogoodrickjj@linkedin.com,Male,123.99.236.170
705,Boycie,Kiddey,bkiddeyjk@goodreads.com,Male,188.40.96.186
706,Eben,McNeilley,emcneilleyjl@amazon.de,Male,170.193.207.202
707,Margot,Hayen,mhayenjm@typepad.com,Non-binary,179.113.76.33
708,Pennie,McFadin,pmcfadinjn@ucoz.ru,Polygender,222.17.64.163
709,Mag,Corder,mcorderjo@trellian.com,Female,118.16.219.36
710,Leupold,Foucher,lfoucherjp@hibu.com,Male,160.96.138.153
711,Shelbi,Pohlak,spohlakjq@jugem.jp,Female,166.3.153.233
712,Cly,Pennini,cpenninijr@geocities.com,Male,212.74.0.168
713,Gifford,Ledwidge,gledwidgejs@discuz.net,Male,235.199.159.251
714,Lowe,Gianolo,lgianolojt@example.com,Male,147.67.85.245
715,Ced,Seville,csevilleju@macromedia.com,Male,10.67.91.255
716,Charlotta,Boggish,cboggishjv@usatoday.com,Female,205.227.1.194
717,Tomaso,Comport,tcomportjw@ucla.edu,Genderfluid,214.224.127.47
718,Briny,Schoffler,bschofflerjx@angelfire.com,Female,233.50.245.99
719,Keven,Denver,kdenverjy@booking.com,Non-binary,38.186.39.189
720,Wilton,Kehri,wkehrijz@reference.com,Male,40.20.17.141
721,Angeline,Burnet,aburnetk0@studiopress.com,Female,169.32.88.102
722,Herrick,Trahmel,htrahmelk1@hc360.com,Male,173.107.183.66
723,Sarette,Bartram,sbartramk2@smh.com.au,Female,48.52.202.163
724,Kellen,Buckell,kbuckellk3@netvibes.com,Polygender,154.255.193.116
725,Michele,Cromleholme,mcromleholmek4@smugmug.com,Male,123.136.146.227
726,Fairleigh,Worpole,fworpolek5@wsj.com,Male,206.229.35.160
727,Astra,Cawood,acawoodk6@is.gd,Female,27.143.205.109
728,Selma,Larkworthy,slarkworthyk7@ask.com,Female,45.168.90.34
729,Dorine,Le Port,dleportk8@pagesperso-orange.fr,Female,14.69.218.0
730,Annecorinne,Mossom,amossomk9@lulu.com,Female,166.251.54.139
731,Kelly,Gullan,kgullanka@answers.com,Male,40.26.150.84
732,Darrelle,Duthie,dduthiekb@skyrock.com,Female,112.161.250.147
733,Pat,Gorden,pgordenkc@bluehost.com,Female,216.37.124.69
734,Marnia,Degoey,mdegoeykd@furl.net,Polygender,102.53.157.21
735,Bordie,McNelis,bmcneliske@over-blog.com,Male,226.167.13.14
736,Korey,Greystock,kgreystockkf@webeden.co.uk,Male,122.26.150.49
737,Nan,McKie,nmckiekg@theglobeandmail.com,Female,157.70.214.246
738,Aleece,Lassell,alassellkh@reddit.com,Female,37.174.175.14
739,Bronnie,Di Boldi,bdiboldiki@twitpic.com,Male,35.107.140.173
740,Myrtice,Pirkis,mpirkiskj@upenn.edu,Female,196.125.57.126
741,Jim,Minihane,jminihanekk@bing.com,Male,163.235.160.198
742,Valina,De Gowe,vdegowekl@howstuffworks.com,Female,244.89.92.20
743,Fifi,Wartnaby,fwartnabykm@drupal.org,Genderqueer,67.249.24.9
744,Adorne,Klaiser,aklaiserkn@sfgate.com,Female,122.251.23.212
745,Shurwood,Hackleton,shackletonko@moonfruit.com,Male,29.220.33.160
746,Vevay,Egre,vegrekp@booking.com,Female,20.48.10.65
747,Evyn,Drei,edreikq@nymag.com,Male,145.248.222.44
748,Pascale,Perfect,pperfectkr@wordpress.org,Polygender,168.250.136.242
749,Ethan,Kilroy,ekilroyks@sitemeter.com,Male,96.128.19.71
750,Amanda,Furney,afurneykt@ox.ac.uk,Female,211.83.149.153
751,Silvio,Horry,shorryku@squarespace.com,Male,222.7.64.70
752,Annalee,Othen,aothenkv@canalblog.com,Female,182.129.234.125
753,Oswald,Tween,otweenkw@google.it,Male,26.185.203.97
754,Nedda,Zukerman,nzukermankx@ameblo.jp,Female,202.184.33.249
755,Eleen,Officer,eofficerky@e-recht24.de,Female,17.222.41.100
756,Hermie,Matissoff,hmatissoffkz@apache.org,Male,30.68.70.164
757,Essy,Troyes,etroyesl0@virginia.edu,Female,153.138.1.226
758,Jeannine,Warrillow,jwarrillowl1@omniture.com,Female,161.13.95.140
759,Ilaire,Cuseck,icuseckl2@vinaora.com,Male,121.137.111.227
760,Elsinore,Atwool,eatwooll3@topsy.com,Female,214.134.126.148
761,Stanwood,Tubble,stubblel4@ning.com,Male,94.117.64.228
762,Margarita,Burgess,mburgessl5@prweb.com,Female,128.62.71.244
763,Stevy,Delos,sdelosl6@cisco.com,Male,194.115.87.126
764,Uta,Keelan,ukeelanl7@howstuffworks.com,Female,202.77.35.232
765,Helyn,Purry,hpurryl8@surveymonkey.com,Female,217.178.247.196
766,Filberto,Retter,fretterl9@sohu.com,Male,24.201.34.73
767,Violette,Piatek,vpiatekla@51.la,Bigender,94.233.159.248
768,Gilbert,Dominicacci,gdominicaccilb@sphinn.com,Male,143.102.107.69
769,Elspeth,Moquin,emoquinlc@nydailynews.com,Female,218.8.226.168
770,Friedrick,Gibbeson,fgibbesonld@shinystat.com,Male,47.142.210.215
771,Lazarus,Northeast,lnortheastle@live.com,Male,81.185.152.193
772,Charin,Yurkevich,cyurkevichlf@alibaba.com,Female,156.106.118.72
773,Aggi,Struttman,astruttmanlg@paypal.com,Genderfluid,161.23.144.202
774,Dorian,Mishow,dmishowlh@google.com.hk,Female,40.234.147.121
775,Jinny,Juares,jjuaresli@t.co,Female,19.161.199.35
776,Gerick,Samuels,gsamuelslj@geocities.com,Male,98.231.93.192
777,Creight,Cabrara,ccabraralk@bandcamp.com,Male,52.179.164.98
778,Fidela,Gontier,fgontierll@canalblog.com,Female,112.253.79.185
779,Roseann,Haythornthwaite,rhaythornthwaitelm@epa.gov,Female,130.166.150.187
780,Hetti,Sutty,hsuttyln@oracle.com,Female,136.139.67.36
781,Leese,Bartunek,lbartuneklo@archive.org,Female,16.90.252.125
782,Law,Tiddeman,ltiddemanlp@netscape.com,Male,202.132.218.72
783,Emile,Spottswood,espottswoodlq@cbc.ca,Male,223.21.89.105
784,Caldwell,Elloway,cellowaylr@wikimedia.org,Male,80.180.167.23
785,Arlette,Crayden,acraydenls@list-manage.com,Female,160.113.17.52
786,Gardy,Cobon,gcobonlt@diigo.com,Non-binary,33.160.39.92
787,Eldredge,Colt,ecoltlu@microsoft.com,Male,30.26.12.180
788,Mariel,Hast,mhastlv@wunderground.com,Female,216.106.2.255
789,Chastity,Gammade,cgammadelw@facebook.com,Female,172.46.155.63
790,Pearla,Tournay,ptournaylx@elegantthemes.com,Female,241.12.83.67
791,Marleen,Isitt,misittly@sphinn.com,Female,189.13.203.153
792,Kylynn,Leyburn,kleyburnlz@japanpost.jp,Genderfluid,26.88.213.20
793,Xymenes,Neylan,xneylanm0@independent.co.uk,Male,199.22.127.212
794,Jerad,Donativo,jdonativom1@hibu.com,Male,234.121.173.12
795,Benton,Jory,bjorym2@fda.gov,Male,142.111.167.97
796,Filippo,Twiddell,ftwiddellm3@umich.edu,Male,243.117.56.163
797,Cchaddie,McOwen,cmcowenm4@prweb.com,Male,164.6.45.97
798,Salaidh,Hufton,shuftonm5@google.com.br,Female,46.234.239.57
799,Quintina,Oppery,qopperym6@printfriendly.com,Female,38.152.89.108
800,Denys,Swaite,dswaitem7@scientificamerican.com,Non-binary,225.199.106.98
801,Sallyanne,Vanstone,svanstonem8@4shared.com,Female,228.110.12.88
802,Monro,Jewson,mjewsonm9@dmoz.org,Male,246.203.117.203
803,Filippo,Lympenie,flympeniema@weibo.com,Male,241.253.139.226
804,Gabbey,Toope,gtoopemb@weebly.com,Female,50.93.154.25
805,Matthias,Szymonwicz,mszymonwiczmc@nymag.com,Male,203.47.228.35
806,Wallas,Martinek,wmartinekmd@businessinsider.com,Male,35.157.96.188
807,Thor,McIlhone,tmcilhoneme@livejournal.com,Male,202.94.9.159
808,Bobbee,Trenfield,btrenfieldmf@wunderground.com,Female,215.105.190.23
809,Maure,Cartmer,mcartmermg@blinklist.com,Female,9.176.48.5
810,Chery,Gurrado,cgurradomh@jimdo.com,Female,61.62.239.125
811,Berny,Webland,bweblandmi@intel.com,Female,82.230.35.235
812,Ahmad,Mabb,amabbmj@google.de,Male,164.239.131.60
813,Cyrillus,Bridgwater,cbridgwatermk@imdb.com,Agender,138.78.14.147
814,Madison,Laxen,mlaxenml@aol.com,Male,123.42.64.203
815,Nickolas,Seres,nseresmm@ucla.edu,Male,0.201.219.181
816,Nikolai,Battill,nbattillmn@addtoany.com,Male,133.26.180.250
817,Gerald,Goaley,ggoaleymo@businesswire.com,Male,112.36.171.227
818,Justina,Crandon,jcrandonmp@constantcontact.com,Female,250.233.178.31
819,Cletus,Jorck,cjorckmq@nsw.gov.au,Male,223.141.229.52
820,Yovonnda,Schmidt,yschmidtmr@dropbox.com,Female,58.12.67.1
821,Nance,Korneev,nkorneevms@delicious.com,Female,15.213.247.138
822,Erastus,Packham,epackhammt@wikispaces.com,Male,227.34.96.64
823,Howie,Haglinton,hhaglintonmu@yellowpages.com,Male,123.213.203.208
824,Jackqueline,Brigg,jbriggmv@ted.com,Female,247.40.99.236
825,Elberta,Rawdall,erawdallmw@japanpost.jp,Female,152.197.62.78
826,Dougie,Duny,ddunymx@theglobeandmail.com,Male,14.122.200.203
827,Jaime,Ellph,jellphmy@parallels.com,Female,30.141.122.65
828,Vernen,Folca,vfolcamz@jalbum.net,Male,54.92.124.16
829,Sargent,Ashplant,sashplantn0@ycombinator.com,Male,148.242.231.97
830,Malena,Kee,mkeen1@techcrunch.com,Female,176.233.110.210
831,Lotty,Reims,lreimsn2@shareasale.com,Female,4.105.25.120
832,Margery,Dukes,mdukesn3@google.ca,Female,26.48.247.15
833,Eveleen,Mullord,emullordn4@virginia.edu,Female,252.139.52.69
834,Mandi,Wyley,mwyleyn5@uiuc.edu,Female,215.139.100.77
835,Sansone,Budcock,sbudcockn6@state.gov,Male,189.12.143.223
836,Juliann,Appleyard,jappleyardn7@soup.io,Female,153.6.92.154
837,Aron,Ades,aadesn8@alibaba.com,Genderqueer,9.99.205.181
838,Yurik,Chalke,ychalken9@vistaprint.com,Male,140.104.187.211
839,Markos,Hardman,mhardmanna@slashdot.org,Male,192.122.30.72
840,Jasmina,Weber,jwebernb@ovh.net,Female,120.171.168.177
841,Lorenzo,MacDougall,lmacdougallnc@artisteer.com,Male,127.140.181.177
842,Nannie,Skuse,nskusend@japanpost.jp,Female,237.54.73.32
843,Denis,Josland,djoslandne@tiny.cc,Male,41.231.196.70
844,Vladamir,Flaxman,vflaxmannf@icio.us,Genderfluid,27.80.98.224
845,Lambert,Camerana,lcameranang@gmpg.org,Male,195.38.87.108
846,Nero,Tommei,ntommeinh@ebay.co.uk,Male,91.29.195.122
847,Christie,Gerold,cgeroldni@webeden.co.uk,Female,179.217.78.42
848,Jorrie,Laddle,jladdlenj@amazon.co.uk,Female,4.79.114.140
849,Miguelita,Yakushkev,myakushkevnk@noaa.gov,Female,105.134.114.161
850,Florina,Duke,fdukenl@utexas.edu,Polygender,168.26.51.39
851,Karina,Fitkin,kfitkinnm@indiatimes.com,Female,166.137.174.183
852,Federica,Jeffray,fjeffraynn@pinterest.com,Female,246.76.255.94
853,Abner,Durn,adurnno@xing.com,Male,133.193.219.4
854,Ilysa,Ouldcott,iouldcottnp@moonfruit.com,Female,96.49.160.239
855,Karleen,MacIlraith,kmacilraithnq@arizona.edu,Female,17.11.147.167
856,Carlo,Clementel,cclementelnr@whitehouse.gov,Non-binary,155.92.96.225
857,Rickert,Bagnell,rbagnellns@instagram.com,Male,238.56.176.47
858,Sherwynd,Cordery,scorderynt@google.co.jp,Male,60.169.107.178
859,Creighton,Palomba,cpalombanu@guardian.co.uk,Male,192.119.155.202
860,Haroun,Birkmyre,hbirkmyrenv@networksolutions.com,Male,54.72.65.139
861,Stavro,Arnau,sarnaunw@berkeley.edu,Male,210.115.206.118
862,Karlyn,Matej,kmatejnx@cafepress.com,Female,117.245.160.38
863,Marena,Roscoe,mroscoeny@globo.com,Bigender,229.186.204.16
864,Opalina,Dobey,odobeynz@csmonitor.com,Female,57.34.159.247
865,Tomasine,Marrison,tmarrisono0@posterous.com,Genderfluid,202.245.91.212
866,Arne,Hedling,ahedlingo1@friendfeed.com,Male,157.145.171.141
867,Wyndham,Itzak,witzako2@aboutads.info,Male,36.227.164.146
868,Spencer,Noot,snooto3@europa.eu,Male,13.205.147.249
869,Valentia,Sisselot,vsisseloto4@nasa.gov,Female,39.155.156.209
870,Rochella,Hartzogs,rhartzogso5@wix.com,Female,221.92.140.255
871,Aile,Maxstead,amaxsteado6@columbia.edu,Female,7.229.178.54
872,Roderic,Delagnes,rdelagneso7@apple.com,Male,28.87.135.164
873,Bradford,Ganing,bganingo8@wunderground.com,Male,107.153.92.13
874,Neilla,Eilert,neilerto9@omniture.com,Genderfluid,250.8.3.182
875,Mildrid,Bennen,mbennenoa@tumblr.com,Female,239.49.213.3
876,Durante,McLoughlin,dmcloughlinob@paginegialle.it,Male,176.189.35.161
877,Lucie,Durtnall,ldurtnalloc@amazon.co.jp,Female,26.90.104.82
878,Leah,Cowburn,lcowburnod@marketwatch.com,Female,147.94.157.8
879,Thane,Freund,tfreundoe@kickstarter.com,Male,157.4.144.99
880,Deanna,Toffolini,dtoffoliniof@harvard.edu,Female,87.47.201.29
881,Haven,Bugbird,hbugbirdog@narod.ru,Male,238.210.167.44
882,Augustus,Andre,aandreoh@wired.com,Male,90.92.11.20
883,Jaclin,Blei,jbleioi@harvard.edu,Agender,199.122.232.173
884,Diannne,Brydie,dbrydieoj@google.com,Female,245.223.226.249
885,Dillon,Wragg,dwraggok@comsenz.com,Male,95.225.101.68
886,Gates,Borit,gboritol@webnode.com,Female,94.120.49.16
887,Concettina,Anscott,canscottom@vk.com,Female,161.118.105.11
888,Mathilda,Grima,mgrimaon@techcrunch.com,Female,62.255.108.18
889,Alisha,Verillo,averillooo@cam.ac.uk,Female,223.72.2.231
890,Carolina,Gwinnett,cgwinnettop@pen.io,Female,181.157.103.224
891,Fifine,Weale,fwealeoq@harvard.edu,Female,124.6.214.4
892,Maynord,Sherbrooke,msherbrookeor@cloudflare.com,Male,28.171.66.163
893,Barty,Grout,bgroutos@reference.com,Male,56.128.247.186
894,Danice,Sarll,dsarllot@biblegateway.com,Female,40.103.218.195
895,Stanley,Rearie,srearieou@ft.com,Male,110.118.249.249
896,Hermione,Rockhall,hrockhallov@barnesandnoble.com,Female,169.69.170.245
897,Jamey,Rasor,jrasorow@ft.com,Male,156.175.211.42
898,Gil,Keyho,gkeyhoox@ebay.co.uk,Male,4.148.253.24
899,Thane,Comrie,tcomrieoy@hhs.gov,Agender,194.78.209.13
900,Conway,Reddan,creddanoz@over-blog.com,Male,99.117.68.96
901,George,Charman,gcharmanp0@globo.com,Female,146.111.109.55
902,Merci,Berridge,mberridgep1@wunderground.com,Polygender,3.134.64.112
903,Bette-ann,Foxwell,bfoxwellp2@uiuc.edu,Female,83.115.247.230
904,Candace,Ruffle,crufflep3@tiny.cc,Female,79.64.87.190
905,Olenolin,Markey,omarkeyp4@cafepress.com,Male,120.254.219.203
906,Gannon,Acosta,gacostap5@g.co,Male,9.117.140.133
907,Abby,Andryszczak,aandryszczakp6@barnesandnoble.com,Male,109.212.173.191
908,Hirsch,Flattman,hflattmanp7@redcross.org,Male,70.121.94.75
909,Tory,Elvey,telveyp8@newsvine.com,Female,186.144.104.107
910,Eb,Vanni,evannip9@craigslist.org,Male,208.94.193.69
911,Phillipp,Hamber,phamberpa@vimeo.com,Male,151.74.169.247
912,Neddie,Olyfat,nolyfatpb@un.org,Male,175.143.149.65
913,Sergio,Morson,smorsonpc@diigo.com,Male,7.57.133.15
914,Jeanine,Kopje,jkopjepd@amazon.co.jp,Female,249.174.99.28
915,Montgomery,Witts,mwittspe@auda.org.au,Genderfluid,221.218.225.202
916,Barrett,Showen,bshowenpf@mit.edu,Male,197.219.240.86
917,Ignazio,Pipping,ipippingpg@dyndns.org,Male,15.75.225.132
918,Cathi,Martine,cmartineph@hhs.gov,Female,130.181.131.238
919,Cathrine,Sowood,csowoodpi@japanpost.jp,Female,99.205.242.188
920,Craig,Vuitton,cvuittonpj@storify.com,Male,148.174.249.203
921,Tabitha,Perham,tperhampk@buzzfeed.com,Female,70.45.152.254
922,Elka,Shovlin,eshovlinpl@ft.com,Agender,45.40.131.151
923,Si,Cram,scrampm@narod.ru,Male,88.128.255.74
924,Tiebout,Saunders,tsaunderspn@house.gov,Male,173.228.115.73
925,Cchaddie,Seadon,cseadonpo@topsy.com,Male,171.159.71.65
926,Vonnie,Maryet,vmaryetpp@comsenz.com,Female,254.158.41.177
927,Blancha,Zorzi,bzorzipq@businessinsider.com,Female,195.47.45.50
928,Merrilee,Danshin,mdanshinpr@gnu.org,Non-binary,40.196.158.24
929,Abbi,Capnerhurst,acapnerhurstps@rediff.com,Female,51.59.217.166
930,Morton,Lacroix,mlacroixpt@istockphoto.com,Male,120.121.128.96
931,Guillaume,Growcott,ggrowcottpu@bing.com,Male,216.236.83.5
932,Thoma,Franck,tfranckpv@vkontakte.ru,Male,245.106.8.215
933,Herby,Aspell,haspellpw@51.la,Male,164.12.223.231
934,Stanislas,Harniman,sharnimanpx@businessweek.com,Male,191.136.150.34
935,Aeriela,Cornelleau,acornelleaupy@live.com,Polygender,86.132.6.198
936,Cosmo,Donner,cdonnerpz@statcounter.com,Male,92.141.29.176
937,Eilis,Lehr,elehrq0@nydailynews.com,Female,118.4.193.253
938,Bartlett,Leatt,bleattq1@ca.gov,Male,35.159.19.57
939,Errol,Bussell,ebussellq2@salon.com,Male,113.245.1.249
940,Pierette,Ziemecki,pziemeckiq3@google.nl,Female,53.193.54.193
941,Gan,Baress,gbaressq4@freewebs.com,Male,118.135.207.120
942,Madlen,Corradengo,mcorradengoq5@ucla.edu,Female,109.142.233.172
943,Carlita,Tapner,ctapnerq6@seesaa.net,Non-binary,135.118.43.56
944,Loydie,McGowing,lmcgowingq7@timesonline.co.uk,Male,140.225.218.131
945,Carolee,Itzik,citzikq8@quantcast.com,Female,29.240.222.167
946,Mal,Bedham,mbedhamq9@miibeian.gov.cn,Male,34.22.52.69
947,Cody,Earney,cearneyqa@aboutads.info,Female,143.231.133.77
948,Heinrick,Minger,hmingerqb@surveymonkey.com,Male,143.130.70.18
949,Amalle,Knowlton,aknowltonqc@yolasite.com,Female,16.0.192.214
950,Templeton,Diperaus,tdiperausqd@vistaprint.com,Male,80.19.194.139
951,Chen,Edowes,cedowesqe@163.com,Male,156.180.4.214
952,Andriette,Benton,abentonqf@wired.com,Female,107.48.60.99
953,Faydra,Lanahan,flanahanqg@gnu.org,Non-binary,228.68.17.253
954,Sinclare,Hauxby,shauxbyqh@biblegateway.com,Male,135.197.249.170
955,Marie,Keeble,mkeebleqi@narod.ru,Female,128.228.52.82
956,Lezley,Winckworth,lwinckworthqj@si.edu,Male,104.244.242.43
957,Tomas,Klamman,tklammanqk@sitemeter.com,Male,115.243.206.34
958,Garret,Hugo,ghugoql@unicef.org,Male,227.60.174.41
959,Billye,Airds,bairdsqm@businessinsider.com,Female,38.159.55.155
960,Bernie,Labrum,blabrumqn@bravesites.com,Female,217.44.174.162
961,Benyamin,Pandie,bpandieqo@tinypic.com,Male,156.215.30.190
962,Ninon,Palombi,npalombiqp@hubpages.com,Female,179.143.48.12
963,Cob,Coughlin,ccoughlinqq@about.com,Male,31.36.233.108
964,Daveta,Morbey,dmorbeyqr@foxnews.com,Female,98.81.20.152
965,Ruthy,Poetz,rpoetzqs@samsung.com,Female,213.48.24.218
966,Lucias,Miche,lmicheqt@arizona.edu,Male,96.43.65.53
967,Mikaela,Fellona,mfellonaqu@xing.com,Female,85.241.171.147
968,Bartholomeo,Danihelka,bdanihelkaqv@fema.gov,Male,122.125.56.0
969,Dela,Poyner,dpoynerqw@china.com.cn,Bigender,184.196.4.193
970,Trixie,Ledbetter,tledbetterqx@digg.com,Female,251.10.7.222
971,Rey,Lugton,rlugtonqy@dailymotion.com,Male,238.15.82.192
972,Tracie,Jerzyk,tjerzykqz@samsung.com,Female,235.141.95.104
973,Rosemonde,Peggs,rpeggsr0@dedecms.com,Female,14.99.177.197
974,Hayward,Routh,hrouthr1@mit.edu,Male,79.204.46.75
975,Nita,Le Brum,nlebrumr2@tumblr.com,Female,209.239.110.122
976,Griff,Tinner,gtinnerr3@tumblr.com,Male,115.132.118.246
977,Tirrell,Scrogges,tscroggesr4@un.org,Male,72.22.188.192
978,Elissa,Trytsman,etrytsmanr5@nbcnews.com,Female,145.171.61.20
979,Skelly,Dooler,sdoolerr6@latimes.com,Bigender,206.66.196.42
980,Bryan,Murray,bmurrayr7@google.pl,Male,10.104.109.211
981,Bartolomeo,Tradewell,btradewellr8@princeton.edu,Male,79.119.35.255
982,Blythe,Alner,balnerr9@gizmodo.com,Female,235.36.205.7
983,Waring,Tuerena,wtuerenara@fda.gov,Male,96.80.84.45
984,Erik,Gadsby,egadsbyrb@mlb.com,Male,4.43.106.162
985,Jennilee,Lawlor,jlawlorrc@xing.com,Female,221.98.214.32
986,Gerti,Readshaw,greadshawrd@drupal.org,Female,157.94.224.43
987,Bogey,Lack,blackre@bluehost.com,Male,195.98.83.214
988,Codi,Hanning,channingrf@so-net.ne.jp,Male,48.60.238.84
989,Josey,Horsey,jhorseyrg@posterous.com,Female,183.95.14.36
990,Clay,Vela,cvelarh@e-recht24.de,Male,200.122.28.23
991,Jerrie,Overal,joveralri@ihg.com,Male,77.103.54.172
992,Ahmed,Archibald,aarchibaldrj@epa.gov,Male,157.36.13.124
993,Nathan,Tredger,ntredgerrk@fc2.com,Male,165.72.186.137
994,Durand,Mival,dmivalrl@sfgate.com,Male,220.238.92.180
995,Gavan,Emmanuele,gemmanuelerm@si.edu,Male,89.3.134.169
996,Essy,Filippi,efilippirn@discuz.net,Female,76.216.238.227
997,Rickert,Hamblett,rhamblettro@columbia.edu,Male,9.94.91.21
998,Edy,Panas,epanasrp@arstechnica.com,Female,191.170.46.246
999,Tarrance,Prestland,tprestlandrq@bloglines.com,Male,75.176.165.58
1000,Sibelle,Martyns,smartynsrr@taobao.com,Female,4.153.39.34
